Key,File,Type,UsedInMainMenu,NoTranslate,KeepLoaded,english
hsdoorsPanel,blocks,Block,,,,"HS Door Panel"
hsdoorsPanelDesc,blocks,Block,,,,"Wire this to a generator. Hold the Door Setup Tool, aim at the panel, hold E, Register Panel. Hold E on the panel for start/stop, reverse, lock, sensor, safety, trap, and unpowered behaviour."
hsdoorsGlassMaster,blocks,Block,,,,"HS Door Glass"
hsdoorsGlassDesc,blocks,Block,,,,"Building parts for HS automatic sliding and revolving doors. You place them; the setup tool marks which bits move."
hsdoorsLeafFramedSilver,blocks,Block,,,,"Door Leaf (Silver Frame)"
hsdoorsLeafFramedDark,blocks,Block,,,,"Door Leaf (Dark Frame)"
hsdoorsLeafFrameless,blocks,Block,,,,"Door Leaf (Frameless)"
hsdoorsPostPlain,blocks,Block,,,,"Revolving Centre Post"
hsdoorsPost2,blocks,Block,,,,"2-Wing Revolving Post"
hsdoorsPost4,blocks,Block,,,,"4-Wing Revolving Post"
hsdoorsRotor3_3m,blocks,Block,,,,"3-Wing Rotor (3 m)"
hsdoorsRotor3_5m,blocks,Block,,,,"3-Wing Rotor (5 m)"
hsdoorsDrumSide3mFramed,blocks,Block,,,,"Drum Glass Framed (3 m)"
hsdoorsDrumSide3mGlass,blocks,Block,,,,"Drum Glass (3 m)"
hsdoorsDrumSide3mSolid,blocks,Block,,,,"Drum Solid (3 m)"
hsdoorsDrumSide5mFramed,blocks,Block,,,,"Drum Glass Framed (5 m)"
hsdoorsDrumSide5mGlass,blocks,Block,,,,"Drum Glass (5 m)"
hsdoorsDrumSide5mSolid,blocks,Block,,,,"Drum Solid (5 m)"
hsdoorsDrumWall3mGlass,blocks,Block,,,,"Drum Wall Glass 1 m (3 m drum)"
hsdoorsDrumWall5mGlass,blocks,Block,,,,"Drum Wall Glass 1 m (5 m drum)"
hsdoorsDrumWall3mSolid,blocks,Block,,,,"Drum Wall Solid 1 m (3 m drum)"
hsdoorsDrumWall5mSolid,blocks,Block,,,,"Drum Wall Solid 1 m (5 m drum)"
hsdoorsDrumWallGlass,blocks,Block,,,,"Revolving Wall Glass (paint shape)"
hsdoorsDrumWallSolid,blocks,Block,,,,"Revolving Wall Solid (paintable)"
hsdoorsDrumWallSolidThick,blocks,Block,,,,"Revolving Wall Solid Thick (paintable)"
hsdoorsDrumWallGlassDesc,blocks,Block,,,,"1 m curved glass drum wall. Stays put when you register a revolving door. R cycles glass / solid. Stack them to the rotor height."
hsdoorsDrumWallSolidDesc,blocks,Block,,,,"1 m curved steel drum wall. Paint-able with the paintbrush (same as steel shapes). Stays put when you register a revolving door. R cycles plate / thick / glass."
hsdoorsCanopy3m,blocks,Block,,,,"Revolving Canopy (3 m)"
hsdoorsCanopy5m,blocks,Block,,,,"Revolving Canopy (5 m)"
hsdoorsFloorMat3m,blocks,Block,,,,"Revolving Floor Mat (3 m)"
hsdoorsFloorMat5m,blocks,Block,,,,"Revolving Floor Mat (5 m)"
hsdoorsSlideHeader,blocks,Block,,,,"Sliding Door Operator"
hsdoorsSlideHeaderSensor,blocks,Block,,,,"Sliding Door Operator + Sensor"
hsdoorsSlideHeaderEnd,blocks,Block,,,,"Sliding Door Operator End"
hsdoorsTool,items,Item,,,,"Door Setup Tool"
hsdoorsToolDesc,items,Item,,,,"Hold it, aim at a placed block (not dirt), hold E. New Sliding or New Revolving, mark corners or hub, register the Door Panel. Admin: hsdoors"
hsdoorsToolHint,UI,Text,,,,"Hold E: door setup"
hsdoorsRadialSlide,UI,Text,,,,"New Sliding Door"
hsdoorsRadialRevolve,UI,Text,,,,"New Revolving Door"
hsdoorsRadialUse,UI,Text,,,,"Use Door Here"
hsdoorsRadialC1,UI,Text,,,,"Set Corner 1"
hsdoorsRadialC2,UI,Text,,,,"Set Corner 2"
hsdoorsRadialHub,UI,Text,,,,"Set Hub"
hsdoorsRadialRadius,UI,Text,,,,"Set Radius / Top"
hsdoorsRadialPanel,UI,Text,,,,"Register Panel"
hsdoorsRadialMode,UI,Text,,,,"Cycle Mode"
hsdoorsRadialForget,UI,Text,,,,"Forget / put back"
hsdoorsUnregistered,UI,Text,,,,"Not part of any door. Register this panel with the setup tool."
hsdoorsNotReady,UI,Text,,,,"Door not ready: {0}"
hsdoorsStopped,UI,Text,,,,"Door stopped: {0}"
hsdoorsPanelHint,UI,Text,,,,"Hold E: door options"
hsdoorsStart,UI,Text,,,,"Enable"
hsdoorsStop,UI,Text,,,,"Disable"
hsdoorsReverse,UI,Text,,,,"Reverse"
hsdoorsSafetyOn,UI,Text,,,,"Safety reverse ON"
hsdoorsSafetyOff,UI,Text,,,,"Safety reverse OFF"
hsdoorsTrapOn,UI,Text,,,,"Trap mode ON"
hsdoorsTrapOff,UI,Text,,,,"Trap mode OFF"
hsdoorsLock,UI,Text,,,,"Cycle lock"
hsdoorsSensorFilter,UI,Text,,,,"Cycle sensor"
hsdoorsUnpowered,UI,Text,,,,"Cycle unpowered"
blockcommand_hsdoorsStart,UI,Text,,,,"Enable"
blockcommand_hsdoorsStop,UI,Text,,,,"Disable"
blockcommand_hsdoorsReverse,UI,Text,,,,"Reverse"
blockcommand_hsdoorsSafetyOn,UI,Text,,,,"Safety reverse ON"
blockcommand_hsdoorsSafetyOff,UI,Text,,,,"Safety reverse OFF"
blockcommand_hsdoorsTrapOn,UI,Text,,,,"Trap mode ON"
blockcommand_hsdoorsTrapOff,UI,Text,,,,"Trap mode OFF"
blockcommand_hsdoorsLock,UI,Text,,,,"Cycle lock"
blockcommand_hsdoorsSensorFilter,UI,Text,,,,"Cycle sensor"
blockcommand_hsdoorsUnpowered,UI,Text,,,,"Cycle unpowered"
loadingTipHSDoorsSetup_title,UI,Menu Tip,,,,"HS Doors: Setup Tool"
loadingTipHSDoorsSetup,UI,Menu Tip,,,,"Hold the Door Setup Tool, aim at wood, glass or steel, hold E. New Sliding or New Revolving, then mark the moving parts and register a Door Panel."
loadingTipHSDoorsSlide_title,UI,Menu Tip,,,,"HS Doors: Sliding"
loadingTipHSDoorsSlide,UI,Menu Tip,,,,"Build the leaves from any blocks. Set Corner 1 and Corner 2 on the leaf area. Cycle Mode for bi-parting, single, or telescopic. Wire the Door Panel."
loadingTipHSDoorsRevolve_title,UI,Menu Tip,,,,"HS Doors: Revolving"
loadingTipHSDoorsRevolve,UI,Menu Tip,,,,"Build a glass drum that stays put. Build wings around a hub (or place the 3-wing rotor). Set Hub, then Radius / Top. The drum parts named HS Drum stay still."
loadingTipHSDoorsPower_title,UI,Menu Tip,,,,"HS Doors: Power"
loadingTipHSDoorsPower,UI,Menu Tip,,,,"Wire the registered Door Panel. Hold E on it for lock, sensor filter, safety reverse, trap mode, and what happens when the power dies."
